{"train": {"en_0": {"ents_p": 81.94469853383164, "ents_r": 88.16772427755959, "ents_f": 84.94238653398111, "ents_per_type": {"C": {"p": 96.67150024167876, "r": 98.74861666808546, "f": 97.69901964087188}, "N": {"p": 67.80722484807562, "r": 96.45807319181635, "f": 79.6340351294556}, "S": {"p": 76.70239153835354, "r": 71.02337977508613, "f": 73.75372672554423}, "M": {"p": 83.6211818441336, "r": 87.99409217212806, "f": 85.75192417940303}, "PC": {"p": 86.04620049946486, "r": 86.57901821771516, "f": 86.31178707224333}, "SP": {"p": 86.87639021290117, "r": 59.292995011928, "f": 70.48208301108532}}, "acc": 81.54194109461966}, "en_1": {"ents_p": 81.22654509841308, "ents_r": 87.72816624543668, "ents_f": 84.35225978911936, "ents_per_type": {"C": {"p": 96.86600682026116, "r": 99.11322167755992, "f": 97.97673029520388}, "M": {"p": 82.05870488574615, "r": 86.5069041424855, "f": 84.22411378609091}, "S": {"p": 71.00419516988549, "r": 81.33428577613266, "f": 75.81899813348132}, "N": {"p": 70.55177626606198, "r": 89.67670653792574, "f": 78.97286206823614}, "PC": {"p": 90.2398676592225, "r": 72.74303240432057, "f": 80.55227406969875}, "SP": {"p": 73.97925402780842, "r": 72.80625543006082, "f": 73.38806787082648}}, "acc": 80.61041666666668}, "en_2": {"ents_p": 83.52987012987013, "ents_r": 90.25440972173499, "ents_f": 86.76203773024963, "ents_per_type": {"S": {"p": 75.53000504286435, "r": 80.9529986595754, "f": 78.14753362760752}, "C": {"p": 96.97767849700767, "r": 98.97240464119228, "f": 97.96488864564475}, "PC": {"p": 85.1062039957939, "r": 90.14925373134328, "f": 87.55517092167892}, "N": {"p": 75.00193094925466, "r": 93.26034238517131, "f": 83.14051178869184}, "M": {"p": 84.20560523602887, "r": 87.63879531901091, "f": 85.88790531618329}, "SP": {"p": 75.33621517771374, "r": 68.40383776711731, "f": 71.70285714285714}}, "acc": 82.95241380643165}, "en_3": {"ents_p": 81.76651917713423, "ents_r": 91.21618460329194, "ents_f": 86.23324464967745, "ents_per_type": {"S": {"p": 74.42366753489095, "r": 82.74014046461372, "f": 78.36186694773897}, "PC": {"p": 85.76288484436128, "r": 89.74324745249855, "f": 87.7079301572115}, "C": {"p": 96.79698148332835, "r": 99.03911564625851, "f": 97.90521342949849}, "N": {"p": 70.38219932241671, "r": 95.90987784937963, "f": 81.1866476694484}, "M": {"p": 82.18588640275387, "r": 88.3949567218692, "f": 85.17741779963359}, "SP": {"p": 83.59396433470508, "r": 65.89532871972318, "f": 73.69694037973153}}, "acc": 81.23594619666046}, "en_4": {"ents_p": 81.52346265739855, "ents_r": 85.70307940139612, "ents_f": 83.56103890191436, "ents_per_type": {"C": {"p": 96.79235227499834, "r": 98.81828847363678, "f": 97.79482908032342}, "M": {"p": 89.02314209359186, "r": 78.03085050711456, "f": 83.16534533816713}, "N": {"p": 72.27500397519478, "r": 87.08866216410404, "f": 78.99333087133144}, "S": {"p": 66.16282389892211, "r": 80.0168342901541, "f": 72.43333007717105}, "SP": {"p": 83.17037037037038, "r": 61.50306748466258, "f": 70.71419574253684}, "PC": {"p": 88.44783211245299, "r": 79.17238934916486, "f": 83.55347749853887}}, "acc": 80.15315398886827}, "es_0": {"ents_p": 82.74622106499032, "ents_r": 89.5113743942561, "ents_f": 85.9959522099628, "ents_per_type": {"C": {"p": 96.74126947066476, "r": 98.76223716693625, "f": 97.74130769943639}, "N": {"p": 71.49788189289981, "r": 94.83719143213908, "f": 81.5301087921389}, "S": {"p": 79.55545156761815, "r": 73.67554332517172, "f": 76.5026830612773}, "M": {"p": 80.55274915246626, "r": 89.81650687160487, "f": 84.93277151784869}, "PC": {"p": 83.18721200505648, "r": 91.53728798348739, "f": 87.1627251169647}, "SP": {"p": 84.16775884665793, "r": 69.63782259813489, "f": 76.21647282221694}}, "acc": 81.54194109461966}, "es_1": {"ents_p": 80.44373712787868, "ents_r": 88.47982776373678, "ents_f": 84.27063459515361, "ents_per_type": {"C": {"p": 96.57503529607176, "r": 98.96343954248366, "f": 97.75465084021957}, "M": {"p": 74.92537313432835, "r": 90.41424854912947, "f": 81.9443184909767}, "N": {"p": 70.9862616702434, "r": 92.9552769371187, "f": 80.49878838933782}, "S": {"p": 73.0784252460553, "r": 81.0052600818235, "f": 76.83794466403162}, "PC": {"p": 91.3051074486052, "r": 69.68929190558741, "f": 79.04608248462237}, "SP": {"p": 80.79759628516798, "r": 64.24847958297133, "f": 71.57894736842104}}, "acc": 80.61041666666668}, "es_2": {"ents_p": 82.55172681848217, "ents_r": 89.41105482508455, "ents_f": 85.84458685684261, "ents_per_type": {"S": {"p": 73.85017030736911, "r": 78.28079733644657, "f": 76.00096554474564}, "C": {"p": 96.08832599482182, "r": 99.13062710537956, "f": 97.58577087014412}, "PC": {"p": 87.00225733634312, "r": 85.85876587213188, "f": 86.42672945397466}, "N": {"p": 73.92850166048056, "r": 90.86412638958919, "f": 81.52608278848331}, "M": {"p": 81.4125645785342, "r": 90.83015195748186, "f": 85.86389904469868}, "SP": {"p": 82.43736951983298, "r": 68.8835586567815, "f": 75.05345687811833}}, "acc": 82.95241380643165}, "es_3": {"ents_p": 81.33729123064481, "ents_r": 91.27887935471193, "ents_f": 86.02179932626677, "ents_per_type": {"S": {"p": 73.05553974307888, "r": 83.20043219881146, "f": 77.79865826058844}, "PC": {"p": 85.96671813347058, "r": 89.19147421350064, "f": 87.54941143069297}, "C": {"p": 96.67857439561352, "r": 98.95578231292517, "f": 97.8039248644787}, "N": {"p": 71.76721389136891, "r": 94.7100125036068, "f": 81.65770024152336}, "M": {"p": 79.63874842670083, "r": 90.22364536949017, "f": 84.60140040581274}, "SP": {"p": 83.44807802639129, "r": 62.910899653979236, "f": 71.73859432799013}}, "acc": 81.23594619666046}, "es_4": {"ents_p": 81.90054920846802, "ents_r": 87.66511801648262, "ents_f": 84.68484722735926, "ents_per_type": {"C": {"p": 96.64892370526597, "r": 98.17557342764354, "f": 97.40626713339799}, "M": {"p": 87.41498405951116, "r": 81.99307234169802, "f": 84.61726394835989}, "N": {"p": 71.62588060808307, "r": 92.5300570005269, "f": 80.74696428198216}, "S": {"p": 69.30368143150484, "r": 81.58371821988173, "f": 74.94399175241381}, "SP": {"p": 86.46884272997033, "r": 63.84750219106047, "f": 73.45601209982355}, "PC": {"p": 88.76168574713793, "r": 78.66288600416463, "f": 83.40771362803588}}, "acc": 80.15315398886827}}, "test": {"en_0": {"ents_p": 81.80944285916661, "ents_r": 87.86215740398617, "ents_f": 84.72784053991742, "ents_per_type": {"S": {"p": 75.97834912043302, "r": 70.43504440764715, "f": 73.10176023330904}, "PC": {"p": 86.18846983865996, "r": 85.91477156320425, "f": 86.05140306776792}, "C": {"p": 96.65759813447337, "r": 98.52236263518598, "f": 97.58107233241127}, "N": {"p": 67.84552048617918, "r": 96.64339569952527, "f": 79.72356599861783}, "M": {"p": 83.6145378104774, "r": 87.5470605270779, "f": 85.5356233376719}, "SP": {"p": 86.85015290519877, "r": 59.3521421107628, "f": 70.51520794537554}}, "acc": 81.4073142135642}, "en_1": {"ents_p": 81.0749103399505, "ents_r": 87.48528321632581, "ents_f": 84.15820299186753, "ents_per_type": {"C": {"p": 96.93465776812043, "r": 99.03274399429161, "f": 97.97246950860817}, "M": {"p": 81.4252721873969, "r": 85.91320491993501, "f": 83.6090565185478}, "N": {"p": 70.6050605060506, "r": 89.56181970415852, "f": 78.96161417322834}, "PC": {"p": 89.19973975276513, "r": 71.77258925766935, "f": 79.542817359016}, "S": {"p": 71.17950072645621, "r": 81.31066740431524, "f": 75.90853601277115}, "SP": {"p": 73.26680672268907, "r": 72.61842790213431, "f": 72.94117647058822}}, "acc": 80.52923881673881}, "en_2": {"ents_p": 83.22948121067674, "ents_r": 89.96757748108686, "ents_f": 86.46745916001301, "ents_per_type": {"S": {"p": 74.44704779756326, "r": 80.13214970241097, "f": 77.18505562843124}, "M": {"p": 83.78014582164892, "r": 87.17829004960606, "f": 85.44544544544543}, "PC": {"p": 85.0201632733353, "r": 90.01353743621785, "f": 87.44562468386444}, "C": {"p": 97.07279096924873, "r": 98.96031746031746, "f": 98.00746708587148}, "N": {"p": 75.00450531627321, "r": 93.00558659217877, "f": 83.04070231444534}, "SP": {"p": 75.61247216035635, "r": 70.03610108303249, "f": 72.71753681392235}},